"Team","Wins","Year"
"Baltimore Colts",11,1970
"Miami Dolphins",10,1970
"New York Jets",4,1970
"Buffalo Bills",3,1970
"Boston Patriots",2,1970
"Cincinnati Bengals",8,1970
"Cleveland Browns",7,1970
"Pittsburgh Steelers",5,1970
"Houston Oilers",3,1970
"Oakland Raiders",8,1970
"Kansas City Chiefs",7,1970
"San Diego Chargers",5,1970
"Denver Broncos",5,1970
"Dallas Cowboys",10,1970
"New York Giants",9,1970
"St Louis Cardinals",8,1970
"Washington Redskins",6,1970
"Philadelphia Eagles",3,1970
"Minnesota Vikings",12,1970
"Detroit Lions",10,1970
"Chicago Bears",6,1970
"Green Bay Packers",6,1970
"San Francisco 49ers",10,1970
"Los Angeles Rams",9,1970
"Atlanta Falcons",4,1970
"New Orleans Saints",2,1970
"Miami Dolphins",10,1971
"Baltimore Colts",10,1971
"New England Patriots",6,1971
"New York Jets",6,1971
"Buffalo Bills",1,1971
"Cleveland Browns",9,1971
"Pittsburgh Steelers",6,1971
"Houston Oilers",4,1971
"Cincinnati Bengals",4,1971
"Kansas City Chiefs",10,1971
"Oakland Raiders",8,1971
"San Diego Chargers",6,1971
"Denver Broncos",4,1971
"Dallas Cowboys",11,1971
"Washington Redskins",9,1971
"Philadelphia Eagles",6,1971
"St Louis Cardinals",4,1971
"New York Giants",4,1971
"Minnesota Vikings",11,1971
"Detroit Lions",7,1971
"Chicago Bears",6,1971
"Green Bay Packers",4,1971
"San Francisco 49ers",9,1971
"Los Angeles Rams",8,1971
"Atlanta Falcons",7,1971
"New Orleans Saints",4,1971
"Miami Dolphins",14,1972
"New York Jets",7,1972
"Baltimore Colts",5,1972
"Buffalo Bills",4,1972
"New England Patriots",3,1972
"Pittsburgh Steelers",11,1972
"Cleveland Browns",10,1972
"Cincinnati Bengals",8,1972
"Houston Oilers",1,1972
"Oakland Raiders",10,1972
"Kansas City Chiefs",8,1972
"Denver Broncos",5,1972
"San Diego Chargers",4,1972
"Washington Redskins",11,1972
"Dallas Cowboys",10,1972
"New York Giants",8,1972
"St Louis Cardinals",4,1972
"Philadelphia Eagles",2,1972
"Green Bay Packers",10,1972
"Detroit Lions",8,1972
"Minnesota Vikings",7,1972
"Chicago Bears",4,1972
"San Francisco 49ers",8,1972
"Atlanta Falcons",7,1972
"Los Angeles Rams",6,1972
"New Orleans Saints",2,1972
"Miami Dolphins",12,1973
"Buffalo Bills",9,1973
"New England Patriots",5,1973
"New York Jets",4,1973
"Baltimore Colts",4,1973
"Cincinnati Bengals",10,1973
"Pittsburgh Steelers",10,1973
"Cleveland Browns",7,1973
"Houston Oilers",1,1973
"Oakland Raiders",9,1973
"Denver Broncos",7,1973
"Kansas City Chiefs",7,1973
"San Diego Chargers",2,1973
"Dallas Cowboys",10,1973
"Washington Redskins",10,1973
"Philadelphia Eagles",5,1973
"St Louis Cardinals",4,1973
"New York Giants",2,1973
"Minnesota Vikings",12,1973
"Detroit Lions",6,1973
"Green Bay Packers",5,1973
"Chicago Bears",3,1973
"Los Angeles Rams",12,1973
"Atlanta Falcons",9,1973
"New Orleans Saints",5,1973
"San Francisco 49ers",5,1973
"Miami Dolphins",11,1974
"Buffalo Bills",9,1974
"New England Patriots",7,1974
"New York Jets",7,1974
"Baltimore Colts",2,1974
"Pittsburgh Steelers",10,1974
"Houston Oilers",7,1974
"Cincinnati Bengals",7,1974
"Cleveland Browns",4,1974
"Oakland Raiders",12,1974
"Denver Broncos",7,1974
"Kansas City Chiefs",5,1974
"San Diego Chargers",5,1974
"St Louis Cardinals",10,1974
"Washington Redskins",10,1974
"Dallas Cowboys",8,1974
"Philadelphia Eagles",7,1974
"New York Giants",2,1974
"Minnesota Vikings",10,1974
"Detroit Lions",7,1974
"Green Bay Packers",6,1974
"Chicago Bears",4,1974
"Los Angeles Rams",10,1974
"San Francisco 49ers",6,1974
"New Orleans Saints",5,1974
"Atlanta Falcons",3,1974
"Baltimore Colts",10,1975
"Miami Dolphins",10,1975
"Buffalo Bills",8,1975
"New England Patriots",3,1975
"New York Jets",3,1975
"Pittsburgh Steelers",12,1975
"Cincinnati Bengals",11,1975
"Houston Oilers",10,1975
"Cleveland Browns",3,1975
"Oakland Raiders",11,1975
"Denver Broncos",6,1975
"Kansas City Chiefs",5,1975
"San Diego Chargers",2,1975
"St Louis Cardinals",11,1975
"Dallas Cowboys",10,1975
"Washington Redskins",8,1975
"New York Giants",5,1975
"Philadelphia Eagles",4,1975
"Minnesota Vikings",12,1975
"Detroit Lions",7,1975
"Chicago Bears",4,1975
"Green Bay Packers",4,1975
"Los Angeles Rams",12,1975
"San Francisco 49ers",5,1975
"Atlanta Falcons",4,1975
"New Orleans Saints",2,1975
"Baltimore Colts",11,1976
"New England Patriots",11,1976
"Miami Dolphins",6,1976
"New York Jets",3,1976
"Buffalo Bills",2,1976
"Pittsburgh Steelers",10,1976
"Cincinnati Bengals",10,1976
"Cleveland Browns",9,1976
"Houston Oilers",5,1976
"Oakland Raiders",13,1976
"Denver Broncos",9,1976
"San Diego Chargers",6,1976
"Kansas City Chiefs",5,1976
"Tampa Bay Buccaneers",0,1976
"Dallas Cowboys",11,1976
"Washington Redskins",10,1976
"St Louis Cardinals",10,1976
"Philadelphia Eagles",4,1976
"New York Giants",3,1976
"Minnesota Vikings",11,1976
"Chicago Bears",7,1976
"Detroit Lions",6,1976
"Green Bay Packers",5,1976
"Los Angeles Rams",10,1976
"San Francisco 49ers",8,1976
"Atlanta Falcons",4,1976
"New Orleans Saints",4,1976
"Seattle Seahawks",2,1976
"Baltimore Colts",10,1977
"New England Patriots",9,1977
"New York Jets",3,1977
"Buffalo Bills",3,1977
"Miami Dolphins",10,1977
"Pittsburgh Steelers",9,1977
"Cincinnati Bengals",8,1977
"Houston Oilers",8,1977
"Cleveland Browns",6,1977
"Denver Broncos",12,1977
"Oakland Raiders",11,1977
"San Diego Chargers",7,1977
"Seattle Seahawks",5,1977
"Kansas City Chiefs",2,1977
"Dallas Cowboys",12,1977
"Washington Redskins",9,1977
"St Louis Cardinals",7,1977
"New York Giants",5,1977
"Philadelphia Eagles",5,1977
"Minnesota Vikings",9,1977
"Chicago Bears",9,1977
"Detroit Lions",6,1977
"Green Bay Packers",4,1977
"Tampa Bay Buccaneers",2,1977
"Los Angeles Rams",10,1977
"Atlanta Falcons",7,1977
"San Francisco 49ers",5,1977
"New Orleans Saints",3,1977
"New England Patriots",11,1978
"Miami Dolphins",11,1978
"New York Jets",8,1978
"Baltimore Colts",5,1978
"Buffalo Bills",5,1978
"Pittsburgh Steelers",14,1978
"Houston Oilers",10,1978
"Cleveland Browns",8,1978
"Cincinnati Bengals",4,1978
"Denver Broncos",10,1978
"Oakland Raiders",9,1978
"San Diego Chargers",9,1978
"Seattle Seahawks",9,1978
"Kansas City Chiefs",4,1978
"Dallas Cowboys",12,1978
"Philadelphia Eagles",9,1978
"Washington Redskins",8,1978
"New York Giants",6,1978
"St Louis Cardinals",6,1978
"Minnesota Vikings",8,1978
"Green Bay Packers",8,1978
"Chicago Bears",7,1978
"Detroit Lions",7,1978
"Tampa Bay Buccaneers",5,1978
"Los Angeles Rams",12,1978
"Atlanta Falcons",9,1978
"New Orleans Saints",7,1978
"San Francisco 49ers",2,1978
"Miami Dolphins",10,1979
"New England Patriots",9,1979
"New York Jets",8,1979
"Buffalo Bills",7,1979
"Baltimore Colts",5,1979
"Pittsburgh Steelers",12,1979
"Houston Oilers",11,1979
"Cleveland Browns",9,1979
"Cincinnati Bengals",4,1979
"San Diego Chargers",12,1979
"Denver Broncos",10,1979
"Oakland Raiders",9,1979
"Seattle Seahawks",9,1979
"Kansas City Chiefs",7,1979
"Dallas Cowboys",11,1979
"Philadelphia Eagles",11,1979
"Washington Redskins",10,1979
"New York Giants",6,1979
"St Louis Cardinals",5,1979
"Tampa Bay Buccaneers",10,1979
"Chicago Bears",10,1979
"Minnesota Vikings",7,1979
"Green Bay Packers",5,1979
"Detroit Lions",2,1979
"Los Angeles Rams",9,1979
"New Orleans Saints",8,1979
"Atlanta Falcons",6,1979
"San Francisco 49ers",2,1979
"Buffalo Bills",11,1980
"New England Patriots",10,1980
"Miami Dolphins",8,1980
"Baltimore Colts",7,1980
"New York Jets",4,1980
"Cleveland Browns",11,1980
"Houston Oilers",11,1980
"Pittsburgh Steelers",9,1980
"Cincinnati Bengals",6,1980
"San Diego Chargers",11,1980
"Oakland Raiders",11,1980
"Denver Broncos",8,1980
"Kansas City Chiefs",8,1980
"Seattle Seahawks",4,1980
"Philadelphia Eagles",12,1980
"Dallas Cowboys",12,1980
"Washington Redskins",6,1980
"St Louis Cardinals",5,1980
"New York Giants",4,1980
"Minnesota Vikings",9,1980
"Detroit Lions",9,1980
"Chicago Bears",7,1980
"Green Bay Packers",5,1980
"Tampa Bay Buccaneers",5,1980
"Atlanta Falcons",12,1980
"Los Angeles Rams",11,1980
"San Francisco 49ers",6,1980
"New Orleans Saints",1,1980
"Miami Dolphins",11,1981
"New York Jets",10,1981
"Buffalo Bills",10,1981
"Baltimore Colts",2,1981
"New England Patriots",2,1981
"Cincinnati Bengals",12,1981
"Pittsburgh Steelers",8,1981
"Houston Oilers",7,1981
"Cleveland Browns",5,1981
"San Diego Chargers",10,1981
"Denver Broncos",10,1981
"Kansas City Chiefs",9,1981
"Oakland Raiders",7,1981
"Seattle Seahawks",6,1981
"Dallas Cowboys",12,1981
"Philadelphia Eagles",10,1981
"New York Giants",9,1981
"Washington Redskins",8,1981
"St Louis Cardinals",7,1981
"Tampa Bay Buccaneers",9,1981
"Detroit Lions",8,1981
"Green Bay Packers",8,1981
"Minnesota Vikings",7,1981
"Chicago Bears",6,1981
"San Francisco 49ers",13,1981
"Atlanta Falcons",7,1981
"Los Angeles Rams",6,1981
"New Orleans Saints",4,1981
"Los Angeles Raiders",8,1982
"Miami Dolphins",7,1982
"Cincinnati Bengals",7,1982
"Pittsburgh Steelers",6,1982
"San Diego Chargers",6,1982
"New York Jets",6,1982
"New England Patriots",5,1982
"Cleveland Browns",4,1982
"Buffalo Bills",4,1982
"Seattle Seahawks",4,1982
"Kansas City Chiefs",3,1982
"Denver Broncos",2,1982
"Houston Oilers",1,1982
"Baltimore Colts",0,1982
"Washington Redskins",8,1982
"Dallas Cowboys",6,1982
"Green Bay Packers",5,1982
"Minnesota Vikings",5,1982
"Atlanta Falcons",5,1982
"St Louis Cardinals",5,1982
"Tampa Bay Buccaneers",5,1982
"Detroit Lions",4,1982
"New Orleans Saints",4,1982
"New York Giants",4,1982
"San Francisco 49ers",3,1982
"Chicago Bears",3,1982
"Philadelphia Eagles",3,1982
"Los Angeles Rams",2,1982
"Miami Dolphins",12,1983
"Buffalo Bills",8,1983
"New England Patriots",8,1983
"Baltimore Colts",7,1983
"New York Jets",7,1983
"Pittsburgh Steelers",10,1983
"Cleveland Browns",9,1983
"Cincinnati Bengals",7,1983
"Houston Oilers",2,1983
"Los Angeles Raiders",12,1983
"Seattle Seahawks",9,1983
"Denver Broncos",9,1983
"Kansas City Chiefs",6,1983
"San Diego Chargers",6,1983
"Washington Redskins",14,1983
"Dallas Cowboys",12,1983
"St Louis Cardinals",8,1983
"Philadelphia Eagles",5,1983
"New York Giants",3,1983
"Detroit Lions",9,1983
"Chicago Bears",8,1983
"Green Bay Packers",8,1983
"Minnesota Vikings",8,1983
"Tampa Bay Buccaneers",2,1983
"San Francisco 49ers",10,1983
"Los Angeles Rams",9,1983
"New Orleans Saints",8,1983
"Atlanta Falcons",7,1983
"Miami Dolphins",14,1984
"New England Patriots",9,1984
"New York Jets",7,1984
"Indianapolis Colts",4,1984
"Buffalo Bills",2,1984
"Pittsburgh Steelers",9,1984
"Cincinnati Bengals",8,1984
"Cleveland Browns",5,1984
"Houston Oilers",3,1984
"Denver Broncos",13,1984
"Seattle Seahawks",12,1984
"Los Angeles Raiders",11,1984
"Kansas City Chiefs",8,1984
"San Diego Chargers",7,1984
"Washington Redskins",11,1984
"New York Giants",9,1984
"St Louis Cardinals",9,1984
"Dallas Cowboys",9,1984
"Philadelphia Eagles",6,1984
"Chicago Bears",10,1984
"Green Bay Packers",8,1984
"Tampa Bay Buccaneers",6,1984
"Detroit Lions",4,1984
"Minnesota Vikings",3,1984
"San Francisco 49ers",15,1984
"Los Angeles Rams",10,1984
"New Orleans Saints",7,1984
"Atlanta Falcons",4,1984
"Miami Dolphins",12,1985
"New York Jets",11,1985
"New England Patriots",11,1985
"Indianapolis Colts",5,1985
"Buffalo Bills",2,1985
"Cleveland Browns",8,1985
"Cincinnati Bengals",7,1985
"Pittsburgh Steelers",7,1985
"Houston Oilers",5,1985
"Los Angeles Raiders",12,1985
"Denver Broncos",11,1985
"Seattle Seahawks",8,1985
"San Diego Chargers",8,1985
"Kansas City Chiefs",6,1985
"Dallas Cowboys",10,1985
"New York Giants",10,1985
"Washington Redskins",10,1985
"Philadelphia Eagles",7,1985
"St Louis Cardinals",5,1985
"Chicago Bears",15,1985
"Green Bay Packers",8,1985
"Minnesota Vikings",7,1985
"Detroit Lions",7,1985
"Tampa Bay Buccaneers",2,1985
"Los Angeles Rams",11,1985
"San Francisco 49ers",10,1985
"New Orleans Saints",5,1985
"Atlanta Falcons",4,1985
"New England Patriots",11,1986
"New York Jets",10,1986
"Miami Dolphins",8,1986
"Buffalo Bills",4,1986
"Indianapolis Colts",3,1986
"Cleveland Browns",12,1986
"Cincinnati Bengals",10,1986
"Pittsburgh Steelers",6,1986
"Houston Oilers",5,1986
"Denver Broncos",11,1986
"Kansas City Chiefs",10,1986
"Seattle Seahawks",10,1986
"Los Angeles Raiders",8,1986
"San Diego Chargers",4,1986
"New York Giants",14,1986
"Washington Redskins",12,1986
"Dallas Cowboys",7,1986
"Philadelphia Eagles",5,1986
"St Louis Cardinals",4,1986
"Chicago Bears",14,1986
"Minnesota Vikings",9,1986
"Detroit Lions",5,1986
"Green Bay Packers",4,1986
"Tampa Bay Buccaneers",2,1986
"San Francisco 49ers",10,1986
"Los Angeles Rams",10,1986
"Atlanta Falcons",7,1986
"New Orleans Saints",7,1986
"Indianapolis Colts",9,1987
"New England Patriots",8,1987
"Miami Dolphins",8,1987
"Buffalo Bills",7,1987
"New York Jets",6,1987
"Cleveland Browns",10,1987
"Houston Oilers",9,1987
"Pittsburgh Steelers",8,1987
"Cincinnati Bengals",4,1987
"Denver Broncos",10,1987
"Seattle Seahawks",9,1987
"San Diego Chargers",8,1987
"Los Angeles Raiders",5,1987
"Kansas City Chiefs",4,1987
"Washington Redskins",11,1987
"Dallas Cowboys",7,1987
"St Louis Cardinals",7,1987
"Philadelphia Eagles",7,1987
"New York Giants",6,1987
"Chicago Bears",11,1987
"Minnesota Vikings",8,1987
"Green Bay Packers",5,1987
"Tampa Bay Buccaneers",4,1987
"Detroit Lions",4,1987
"San Francisco 49ers",13,1987
"New Orleans Saints",12,1987
"Los Angeles Rams",6,1987
"Atlanta Falcons",3,1987
"Buffalo Bills",12,1988
"Indianapolis Colts",9,1988
"New England Patriots",9,1988
"New York Jets",8,1988
"Miami Dolphins",6,1988
"Cincinnati Bengals",12,1988
"Cleveland Browns",10,1988
"Houston Oilers",10,1988
"Pittsburgh Steelers",5,1988
"Seattle Seahawks",9,1988
"Denver Broncos",8,1988
"Los Angeles Raiders",7,1988
"San Diego Chargers",6,1988
"Kansas City Chiefs",4,1988
"Philadelphia Eagles",10,1988
"New York Giants",10,1988
"Washington Redskins",7,1988
"Phoenix Cardinals",7,1988
"Dallas Cowboys",3,1988
"Chicago Bears",12,1988
"Minnesota Vikings",11,1988
"Tampa Bay Buccaneers",5,1988
"Detroit Lions",4,1988
"Green Bay Packers",4,1988
"San Francisco 49ers",10,1988
"Los Angeles Rams",10,1988
"New Orleans Saints",10,1988
"Atlanta Falcons",5,1988
"Buffalo Bills",9,1989
"Indianapolis Colts",8,1989
"Miami Dolphins",8,1989
"New England Patriots",5,1989
"New York Jets",4,1989
"Cleveland Browns",9,1989
"Houston Oilers",9,1989
"Pittsburgh Steelers",9,1989
"Cincinnati Bengals",8,1989
"Denver Broncos",11,1989
"Kansas City Chiefs",8,1989
"Los Angeles Raiders",8,1989
"Seattle Seahawks",7,1989
"San Diego Chargers",6,1989
"New York Giants",12,1989
"Philadelphia Eagles",11,1989
"Washington Redskins",10,1989
"Phoenix Cardinals",5,1989
"Dallas Cowboys",1,1989
"Minnesota Vikings",10,1989
"Green Bay Packers",10,1989
"Detroit Lions",7,1989
"Chicago Bears",6,1989
"Tampa Bay Buccaneers",5,1989
"San Francisco 49ers",14,1989
"Los Angeles Rams",11,1989
"New Orleans Saints",9,1989
"Atlanta Falcons",3,1989
"Buffalo Bills",13,1990
"Miami Dolphins",12,1990
"Indianapolis Colts",7,1990
"New York Jets",6,1990
"New England Patriots",1,1990
"Cincinnati Bengals",9,1990
"Houston Oilers",9,1990
"Pittsburgh Steelers",9,1990
"Cleveland Browns",3,1990
"Los Angeles Raiders",12,1990
"Kansas City Chiefs",11,1990
"Seattle Seahawks",9,1990
"San Diego Chargers",6,1990
"Denver Broncos",5,1990
"New York Giants",13,1990
"Philadelphia Eagles",10,1990
"Washington Redskins",10,1990
"Dallas Cowboys",7,1990
"Phoenix Cardinals",5,1990
"Chicago Bears",11,1990
"Tampa Bay Buccaneers",6,1990
"Detroit Lions",6,1990
"Green Bay Packers",6,1990
"Minnesota Vikings",6,1990
"San Francisco 49ers",14,1990
"New Orleans Saints",8,1990
"Los Angeles Rams",5,1990
"Atlanta Falcons",5,1990
"Buffalo Bills",13,1991
"New York Jets",8,1991
"Miami Dolphins",8,1991
"New England Patriots",6,1991
"Indianapolis Colts",1,1991
"Houston Oilers",11,1991
"Pittsburgh Steelers",7,1991
"Cleveland Browns",6,1991
"Cincinnati Bengals",3,1991
"Denver Broncos",12,1991
"Kansas City Chiefs",10,1991
"Los Angeles Raiders",9,1991
"Seattle Seahawks",7,1991
"San Diego Chargers",4,1991
"Washington Redskins",14,1991
"Dallas Cowboys",11,1991
"Philadelphia Eagles",10,1991
"New York Giants",8,1991
"Phoenix Cardinals",4,1991
"Detroit Lions",12,1991
"Chicago Bears",11,1991
"Minnesota Vikings",8,1991
"Green Bay Packers",4,1991
"Tampa Bay Buccaneers",3,1991
"New Orleans Saints",11,1991
"Atlanta Falcons",10,1991
"San Francisco 49ers",10,1991
"Los Angeles Rams",3,1991
"Miami Dolphins",11,1992
"Buffalo Bills",11,1992
"Indianapolis Colts",9,1992
"New York Jets",4,1992
"New England Patriots",2,1992
"Pittsburgh Steelers",11,1992
"Houston Oilers",10,1992
"Cleveland Browns",7,1992
"Cincinnati Bengals",5,1992
"San Diego Chargers",11,1992
"Kansas City Chiefs",10,1992
"Denver Broncos",8,1992
"Los Angeles Raiders",7,1992
"Seattle Seahawks",2,1992
"Dallas Cowboys",13,1992
"Philadelphia Eagles",11,1992
"Washington Redskins",9,1992
"New York Giants",6,1992
"Phoenix Cardinals",4,1992
"Minnesota Vikings",11,1992
"Green Bay Packers",9,1992
"Tampa Bay Buccaneers",5,1992
"Chicago Bears",5,1992
"Detroit Lions",5,1992
"San Francisco 49ers",14,1992
"New Orleans Saints",12,1992
"Atlanta Falcons",6,1992
"Los Angeles Rams",6,1992
"Buffalo Bills",12,1993
"Miami Dolphins",9,1993
"New York Jets",8,1993
"New England Patriots",5,1993
"Indianapolis Colts",4,1993
"Houston Oilers",12,1993
"Pittsburgh Steelers",9,1993
"Cleveland Browns",7,1993
"Cincinnati Bengals",3,1993
"Kansas City Chiefs",11,1993
"Los Angeles Raiders",10,1993
"Denver Broncos",9,1993
"San Diego Chargers",8,1993
"Seattle Seahawks",6,1993
"Dallas Cowboys",12,1993
"New York Giants",11,1993
"Philadelphia Eagles",8,1993
"Phoenix Cardinals",7,1993
"Washington Redskins",4,1993
"Detroit Lions",10,1993
"Minnesota Vikings",9,1993
"Green Bay Packers",9,1993
"Chicago Bears",7,1993
"Tampa Bay Buccaneers",5,1993
"San Francisco 49ers",10,1993
"New Orleans Saints",8,1993
"Atlanta Falcons",6,1993
"Los Angeles Rams",5,1993
"Miami Dolphins",10,1994
"New England Patriots",10,1994
"Indianapolis Colts",8,1994
"Buffalo Bills",7,1994
"New York Jets",6,1994
"Pittsburgh Steelers",12,1994
"Cleveland Browns",11,1994
"Cincinnati Bengals",3,1994
"Houston Oilers",2,1994
"San Diego Chargers",11,1994
"Kansas City Chiefs",9,1994
"Los Angeles Raiders",9,1994
"Denver Broncos",7,1994
"Seattle Seahawks",6,1994
"Dallas Cowboys",12,1994
"New York Giants",9,1994
"Arizona Cardinals",8,1994
"Philadelphia Eagles",7,1994
"Washington Redskins",3,1994
"Minnesota Vikings",10,1994
"Green Bay Packers",9,1994
"Detroit Lions",9,1994
"Chicago Bears",9,1994
"Tampa Bay Buccaneers",6,1994
"San Francisco 49ers",13,1994
"New Orleans Saints",7,1994
"Atlanta Falcons",7,1994
"Los Angeles Rams",4,1994
"Buffalo Bills",10,1995
"Indianapolis Colts",9,1995
"Miami Dolphins",9,1995
"New England Patriots",6,1995
"New York Jets",3,1995
"Pittsburgh Steelers",11,1995
"Cincinnati Bengals",7,1995
"Houston Oilers",7,1995
"Cleveland Browns",5,1995
"Jacksonville Jaguars",4,1995
"Kansas City Chiefs",13,1995
"San Diego Chargers",9,1995
"Seattle Seahawks",8,1995
"Denver Broncos",8,1995
"Oakland Raiders",8,1995
"Dallas Cowboys",12,1995
"Philadelphia Eagles",10,1995
"Washington Redskins",6,1995
"New York Giants",5,1995
"Arizona Cardinals",4,1995
"Green Bay Packers",11,1995
"Detroit Lions",10,1995
"Chicago Bears",9,1995
"Minnesota Vikings",8,1995
"Tampa Bay Buccaneers",7,1995
"San Francisco 49ers",11,1995
"Atlanta Falcons",9,1995
"St Louis Rams",7,1995
"Carolina Panthers",7,1995
"New Orleans Saints",7,1995
"New England Patriots",11,1996
"Buffalo Bills",10,1996
"Indianapolis Colts",9,1996
"Miami Dolphins",8,1996
"New York Jets",1,1996
"Pittsburgh Steelers",10,1996
"Jacksonville Jaguars",9,1996
"Cincinnati Bengals",8,1996
"Houston Oilers",8,1996
"Baltimore Ravens",4,1996
"Denver Broncos",13,1996
"Kansas City Chiefs",9,1996
"San Diego Chargers",8,1996
"Oakland Raiders",7,1996
"Seattle Seahawks",7,1996
"Dallas Cowboys",10,1996
"Philadelphia Eagles",10,1996
"Washington Redskins",9,1996
"Arizona Cardinals",7,1996
"New York Giants",6,1996
"Green Bay Packers",13,1996
"Minnesota Vikings",9,1996
"Chicago Bears",7,1996
"Tampa Bay Buccaneers",6,1996
"Detroit Lions",5,1996
"Carolina Panthers",12,1996
"San Francisco 49ers",12,1996
"St Louis Rams",6,1996
"Atlanta Falcons",3,1996
"New Orleans Saints",3,1996
"New England Patriots",10,1997
"Miami Dolphins",9,1997
"New York Jets",9,1997
"Buffalo Bills",6,1997
"Indianapolis Colts",3,1997
"Pittsburgh Steelers",11,1997
"Jacksonville Jaguars",11,1997
"Tennessee Oilers",8,1997
"Cincinnati Bengals",7,1997
"Baltimore Ravens",6,1997
"Kansas City Chiefs",13,1997
"Denver Broncos",12,1997
"Seattle Seahawks",8,1997
"Oakland Raiders",4,1997
"San Diego Chargers",4,1997
"New York Giants",10,1997
"Washington Redskins",8,1997
"Philadelphia Eagles",6,1997
"Dallas Cowboys",6,1997
"Arizona Cardinals",4,1997
"Green Bay Packers",13,1997
"Tampa Bay Buccaneers",10,1997
"Detroit Lions",9,1997
"Minnesota Vikings",9,1997
"Chicago Bears",4,1997
"San Francisco 49ers",13,1997
"Carolina Panthers",7,1997
"Atlanta Falcons",7,1997
"New Orleans Saints",6,1997
"St Louis Rams",5,1997
"New York Jets",12,1998
"Miami Dolphins",10,1998
"Buffalo Bills",10,1998
"New England Patriots",9,1998
"Indianapolis Colts",3,1998
"Jacksonville Jaguars",11,1998
"Tennessee Oilers",8,1998
"Pittsburgh Steelers",7,1998
"Baltimore Ravens",6,1998
"Cincinnati Bengals",3,1998
"Denver Broncos",14,1998
"Oakland Raiders",8,1998
"Seattle Seahawks",8,1998
"Kansas City Chiefs",7,1998
"San Diego Chargers",5,1998
"Dallas Cowboys",10,1998
"Arizona Cardinals",9,1998
"New York Giants",8,1998
"Washington Redskins",6,1998
"Philadelphia Eagles",3,1998
"Minnesota Vikings",15,1998
"Green Bay Packers",11,1998
"Tampa Bay Buccaneers",8,1998
"Detroit Lions",5,1998
"Chicago Bears",4,1998
"Atlanta Falcons",14,1998
"San Francisco 49ers",12,1998
"New Orleans Saints",6,1998
"Carolina Panthers",4,1998
"St Louis Rams",4,1998
"Indianapolis Colts",13,1999
"Buffalo Bills",11,1999
"Miami Dolphins",9,1999
"New York Jets",8,1999
"New England Patriots",8,1999
"Jacksonville Jaguars",14,1999
"Tennessee Titans",13,1999
"Baltimore Ravens",8,1999
"Pittsburgh Steelers",6,1999
"Cincinnati Bengals",4,1999
"Cleveland Browns",2,1999
"Seattle Seahawks",9,1999
"Kansas City Chiefs",9,1999
"San Diego Chargers",8,1999
"Oakland Raiders",8,1999
"Denver Broncos",6,1999
"Washington Redskins",10,1999
"Dallas Cowboys",8,1999
"New York Giants",7,1999
"Arizona Cardinals",6,1999
"Philadelphia Eagles",5,1999
"Tampa Bay Buccaneers",11,1999
"Minnesota Vikings",10,1999
"Detroit Lions",8,1999
"Green Bay Packers",8,1999
"Chicago Bears",6,1999
"St Louis Rams",13,1999
"Carolina Panthers",8,1999
"Atlanta Falcons",5,1999
"San Francisco 49ers",4,1999
"New Orleans Saints",3,1999
"Miami Dolphins",11,2000
"Indianapolis Colts",10,2000
"New York Jets",9,2000
"Buffalo Bills",8,2000
"New England Patriots",5,2000
"Tennessee Titans",13,2000
"Baltimore Ravens",12,2000
"Pittsburgh Steelers",9,2000
"Jacksonville Jaguars",7,2000
"Cincinnati Bengals",4,2000
"Cleveland Browns",3,2000
"Oakland Raiders",12,2000
"Denver Broncos",11,2000
"Kansas City Chiefs",7,2000
"Seattle Seahawks",6,2000
"San Diego Chargers",1,2000
"New York Giants",12,2000
"Philadelphia Eagles",11,2000
"Washington Redskins",8,2000
"Dallas Cowboys",5,2000
"Arizona Cardinals",3,2000
"Minnesota Vikings",11,2000
"Tampa Bay Buccaneers",10,2000
"Green Bay Packers",9,2000
"Detroit Lions",9,2000
"Chicago Bears",5,2000
"New Orleans Saints",10,2000
"St Louis Rams",10,2000
"Carolina Panthers",7,2000
"San Francisco 49ers",6,2000
"Atlanta Falcons",4,2000
"New England Patriots",11,2001
"Miami Dolphins",11,2001
"New York Jets",10,2001
"Indianapolis Colts",6,2001
"Buffalo Bills",3,2001
"Pittsburgh Steelers",13,2001
"Baltimore Ravens",10,2001
"Cleveland Browns",7,2001
"Tennessee Titans",7,2001
"Jacksonville Jaguars",6,2001
"Cincinnati Bengals",6,2001
"Oakland Raiders",10,2001
"Seattle Seahawks",9,2001
"Denver Broncos",8,2001
"Kansas City Chiefs",6,2001
"San Diego Chargers",5,2001
"Philadelphia Eagles",11,2001
"Washington Redskins",8,2001
"New York Giants",7,2001
"Arizona Cardinals",7,2001
"Dallas Cowboys",5,2001
"Chicago Bears",13,2001
"Green Bay Packers",12,2001
"Tampa Bay Buccaneers",9,2001
"Minnesota Vikings",5,2001
"Detroit Lions",2,2001
"St Louis Rams",14,2001
"San Francisco 49ers",12,2001
"New Orleans Saints",7,2001
"Atlanta Falcons",7,2001
"Carolina Panthers",1,2001
"New York Jets",9,2002
"New England Patriots",9,2002
"Miami Dolphins",9,2002
"Buffalo Bills",8,2002
"Pittsburgh Steelers",10,2002
"Cleveland Browns",9,2002
"Baltimore Ravens",7,2002
"Cincinnati Bengals",2,2002
"Tennessee Titans",11,2002
"Indianapolis Colts",10,2002
"Jacksonville Jaguars",6,2002
"Houston Texans",4,2002
"Oakland Raiders",11,2002
"Denver Broncos",9,2002
"San Diego Chargers",8,2002
"Kansas City Chiefs",8,2002
"Philadelphia Eagles",12,2002
"New York Giants",10,2002
"Washington Redskins",7,2002
"Dallas Cowboys",5,2002
"Green Bay Packers",12,2002
"Minnesota Vikings",6,2002
"Chicago Bears",4,2002
"Detroit Lions",3,2002
"Tampa Bay Buccaneers",12,2002
"Atlanta Falcons",9,2002
"New Orleans Saints",9,2002
"Carolina Panthers",7,2002
"San Francisco 49ers",10,2002
"St Louis Rams",7,2002
"Seattle Seahawks",7,2002
"Arizona Cardinals",5,2002
"New England Patriots",14,2003
"Miami Dolphins",10,2003
"Buffalo Bills",6,2003
"New York Jets",6,2003
"Baltimore Ravens",10,2003
"Cincinnati Bengals",8,2003
"Pittsburgh Steelers",6,2003
"Cleveland Browns",5,2003
"Indianapolis Colts",12,2003
"Tennessee Titans",12,2003
"Jacksonville Jaguars",5,2003
"Houston Texans",5,2003
"Kansas City Chiefs",13,2003
"Denver Broncos",10,2003
"Oakland Raiders",4,2003
"San Diego Chargers",4,2003
"Philadelphia Eagles",12,2003
"Dallas Cowboys",10,2003
"Washington Redskins",5,2003
"New York Giants",4,2003
"Green Bay Packers",10,2003
"Minnesota Vikings",9,2003
"Chicago Bears",7,2003
"Detroit Lions",5,2003
"Carolina Panthers",11,2003
"New Orleans Saints",8,2003
"Tampa Bay Buccaneers",7,2003
"Atlanta Falcons",5,2003
"St Louis Rams",12,2003
"Seattle Seahawks",10,2003
"San Francisco 49ers",7,2003
"Arizona Cardinals",4,2003
"New England Patriots",14,2004
"New York Jets",10,2004
"Buffalo Bills",9,2004
"Miami Dolphins",4,2004
"Pittsburgh Steelers",15,2004
"Baltimore Ravens",9,2004
"Cincinnati Bengals",8,2004
"Cleveland Browns",4,2004
"Indianapolis Colts",12,2004
"Jacksonville Jaguars",9,2004
"Houston Texans",7,2004
"Tennessee Titans",5,2004
"San Diego Chargers",12,2004
"Denver Broncos",10,2004
"Kansas City Chiefs",7,2004
"Oakland Raiders",5,2004
"Philadelphia Eagles",13,2004
"New York Giants",6,2004
"Dallas Cowboys",6,2004
"Washington Redskins",6,2004
"Green Bay Packers",10,2004
"Minnesota Vikings",8,2004
"Detroit Lions",6,2004
"Chicago Bears",5,2004
"Atlanta Falcons",11,2004
"New Orleans Saints",8,2004
"Carolina Panthers",7,2004
"Tampa Bay Buccaneers",5,2004
"Seattle Seahawks",9,2004
"St Louis Rams",8,2004
"Arizona Cardinals",6,2004
"San Francisco 49ers",2,2004
"New England Patriots",10,2005
"Miami Dolphins",9,2005
"Buffalo Bills",5,2005
"New York Jets",4,2005
"Cincinnati Bengals",11,2005
"Pittsburgh Steelers",11,2005
"Baltimore Ravens",6,2005
"Cleveland Browns",6,2005
"Indianapolis Colts",14,2005
"Jacksonville Jaguars",12,2005
"Tennessee Titans",4,2005
"Houston Texans",2,2005
"Denver Broncos",13,2005
"Kansas City Chiefs",10,2005
"San Diego Chargers",9,2005
"Oakland Raiders",4,2005
"New York Giants",11,2005
"Washington Redskins",10,2005
"Dallas Cowboys",9,2005
"Philadelphia Eagles",6,2005
"Chicago Bears",11,2005
"Minnesota Vikings",9,2005
"Detroit Lions",5,2005
"Green Bay Packers",4,2005
"Tampa Bay Buccaneers",11,2005
"Carolina Panthers",11,2005
"Atlanta Falcons",8,2005
"New Orleans Saints",3,2005
"Seattle Seahawks",13,2005
"St Louis Rams",6,2005
"Arizona Cardinals",5,2005
"San Francisco 49ers",4,2005
"New England Patriots",12,2006
"New York Jets",10,2006
"Buffalo Bills",7,2006
"Miami Dolphins",6,2006
"Baltimore Ravens",13,2006
"Cincinnati Bengals",8,2006
"Pittsburgh Steelers",8,2006
"Cleveland Browns",4,2006
"Indianapolis Colts",12,2006
"Tennessee Titans",8,2006
"Jacksonville Jaguars",8,2006
"Houston Texans",6,2006
"San Diego Chargers",14,2006
"Kansas City Chiefs",9,2006
"Denver Broncos",9,2006
"Oakland Raiders",2,2006
"Philadelphia Eagles",10,2006
"Dallas Cowboys",9,2006
"New York Giants",8,2006
"Washington Redskins",5,2006
"Chicago Bears",13,2006
"Green Bay Packers",8,2006
"Minnesota Vikings",6,2006
"Detroit Lions",3,2006
"New Orleans Saints",10,2006
"Carolina Panthers",8,2006
"Atlanta Falcons",7,2006
"Tampa Bay Buccaneers",4,2006
"Seattle Seahawks",9,2006
"St Louis Rams",8,2006
"San Francisco 49ers",7,2006
"Arizona Cardinals",5,2006
"New England Patriots",16,2007
"Buffalo Bills",7,2007
"New York Jets",4,2007
"Miami Dolphins",1,2007
"Pittsburgh Steelers",10,2007
"Cleveland Browns",10,2007
"Cincinnati Bengals",7,2007
"Baltimore Ravens",5,2007
"Indianapolis Colts",13,2007
"Jacksonville Jaguars",11,2007
"Tennessee Titans",10,2007
"Houston Texans",8,2007
"San Diego Chargers",11,2007
"Denver Broncos",7,2007
"Kansas City Chiefs",4,2007
"Oakland Raiders",4,2007
"Dallas Cowboys",13,2007
"New York Giants",10,2007
"Washington Redskins",9,2007
"Philadelphia Eagles",8,2007
"Green Bay Packers",13,2007
"Minnesota Vikings",8,2007
"Detroit Lions",7,2007
"Chicago Bears",7,2007
"Tampa Bay Buccaneers",9,2007
"Carolina Panthers",7,2007
"New Orleans Saints",7,2007
"Atlanta Falcons",4,2007
"Seattle Seahawks",10,2007
"Arizona Cardinals",8,2007
"San Francisco 49ers",5,2007
"St Louis Rams",3,2007
"Miami Dolphins",11,2008
"New England Patriots",11,2008
"New York Jets",9,2008
"Buffalo Bills",7,2008
"Pittsburgh Steelers",12,2008
"Baltimore Ravens",11,2008
"Cincinnati Bengals",4,2008
"Cleveland Browns",4,2008
"Tennessee Titans",13,2008
"Indianapolis Colts",12,2008
"Houston Texans",8,2008
"Jacksonville Jaguars",5,2008
"San Diego Chargers",8,2008
"Denver Broncos",8,2008
"Oakland Raiders",5,2008
"Kansas City Chiefs",2,2008
"New York Giants",12,2008
"Philadelphia Eagles",9,2008
"Dallas Cowboys",9,2008
"Washington Redskins",8,2008
"Minnesota Vikings",10,2008
"Chicago Bears",9,2008
"Green Bay Packers",6,2008
"Detroit Lions",0,2008
"Carolina Panthers",12,2008
"Atlanta Falcons",11,2008
"Tampa Bay Buccaneers",9,2008
"New Orleans Saints",8,2008
"Arizona Cardinals",9,2008
"San Francisco 49ers",7,2008
"Seattle Seahawks",4,2008
"St Louis Rams",2,2008
"New England Patriots",10,2009
"New York Jets",9,2009
"Miami Dolphins",7,2009
"Buffalo Bills",6,2009
"Cincinnati Bengals",10,2009
"Baltimore Ravens",9,2009
"Pittsburgh Steelers",9,2009
"Cleveland Browns",5,2009
"Indianapolis Colts",14,2009
"Houston Texans",9,2009
"Tennessee Titans",8,2009
"Jacksonville Jaguars",7,2009
"San Diego Chargers",13,2009
"Denver Broncos",8,2009
"Oakland Raiders",5,2009
"Kansas City Chiefs",4,2009
"Dallas Cowboys",11,2009
"Philadelphia Eagles",11,2009
"New York Giants",8,2009
"Washington Redskins",4,2009
"Minnesota Vikings",12,2009
"Green Bay Packers",11,2009
"Chicago Bears",7,2009
"Detroit Lions",2,2009
"New Orleans Saints",13,2009
"Atlanta Falcons",9,2009
"Carolina Panthers",8,2009
"Tampa Bay Buccaneers",3,2009
"Arizona Cardinals",10,2009
"San Francisco 49ers",8,2009
"Seattle Seahawks",5,2009
"St Louis Rams",1,2009
"New England Patriots",14,2010
"New York Jets",11,2010
"Miami Dolphins",7,2010
"Buffalo Bills",4,2010
"Pittsburgh Steelers",12,2010
"Baltimore Ravens",12,2010
"Cleveland Browns",5,2010
"Cincinnati Bengals",4,2010
"Indianapolis Colts",10,2010
"Jacksonville Jaguars",8,2010
"Houston Texans",6,2010
"Tennessee Titans",6,2010
"Kansas City Chiefs",10,2010
"San Diego Chargers",9,2010
"Oakland Raiders",8,2010
"Denver Broncos",4,2010
"Philadelphia Eagles",10,2010
"New York Giants",10,2010
"Dallas Cowboys",6,2010
"Washington Redskins",6,2010
"Chicago Bears",11,2010
"Green Bay Packers",10,2010
"Detroit Lions",6,2010
"Minnesota Vikings",6,2010
"Atlanta Falcons",13,2010
"New Orleans Saints",11,2010
"Tampa Bay Buccaneers",10,2010
"Carolina Panthers",2,2010
"Seattle Seahawks",7,2010
"St Louis Rams",7,2010
"San Francisco 49ers",6,2010
"Arizona Cardinals",5,2010
"New England Patriots",13,2011
"New York Jets",8,2011
"Miami Dolphins",6,2011
"Buffalo Bills",6,2011
"Baltimore Ravens",12,2011
"Pittsburgh Steelers",12,2011
"Cincinnati Bengals",9,2011
"Cleveland Browns",4,2011
"Houston Texans",10,2011
"Tennessee Titans",9,2011
"Jacksonville Jaguars",5,2011
"Indianapolis Colts",2,2011
"Denver Broncos",8,2011
"San Diego Chargers",8,2011
"Oakland Raiders",8,2011
"Kansas City Chiefs",7,2011
"New York Giants",9,2011
"Philadelphia Eagles",8,2011
"Dallas Cowboys",8,2011
"Washington Redskins",5,2011
"Green Bay Packers",15,2011
"Detroit Lions",10,2011
"Chicago Bears",8,2011
"Minnesota Vikings",3,2011
"New Orleans Saints",13,2011
"Atlanta Falcons",10,2011
"Carolina Panthers",6,2011
"Tampa Bay Buccaneers",4,2011
"San Francisco 49ers",13,2011
"Arizona Cardinals",8,2011
"Seattle Seahawks",7,2011
"St Louis Rams",2,2011
"New England Patriots",12,2012
"Miami Dolphins",7,2012
"New York Jets",6,2012
"Buffalo Bills",6,2012
"Baltimore Ravens",10,2012
"Cincinnati Bengals",10,2012
"Pittsburgh Steelers",8,2012
"Cleveland Browns",5,2012
"Houston Texans",12,2012
"Indianapolis Colts",11,2012
"Tennessee Titans",6,2012
"Jacksonville Jaguars",2,2012
"Denver Broncos",13,2012
"San Diego Chargers",7,2012
"Oakland Raiders",4,2012
"Kansas City Chiefs",2,2012
"Washington Redskins",10,2012
"New York Giants",9,2012
"Dallas Cowboys",8,2012
"Philadelphia Eagles",4,2012
"Green Bay Packers",11,2012
"Minnesota Vikings",10,2012
"Chicago Bears",10,2012
"Detroit Lions",4,2012
"Atlanta Falcons",13,2012
"Carolina Panthers",7,2012
"New Orleans Saints",7,2012
"Tampa Bay Buccaneers",7,2012
"San Francisco 49ers",11,2012
"Seattle Seahawks",11,2012
"St Louis Rams",7,2012
"Arizona Cardinals",5,2012
"New England Patriots",12,2013
"New York Jets",8,2013
"Miami Dolphins",8,2013
"Buffalo Bills",6,2013
"Cincinnati Bengals",11,2013
"Pittsburgh Steelers",8,2013
"Baltimore Ravens",8,2013
"Cleveland Browns",4,2013
"Indianapolis Colts",11,2013
"Tennessee Titans",7,2013
"Jacksonville Jaguars",4,2013
"Houston Texans",2,2013
"Denver Broncos",13,2013
"Kansas City Chiefs",11,2013
"San Diego Chargers",9,2013
"Oakland Raiders",4,2013
"Philadelphia Eagles",10,2013
"Dallas Cowboys",8,2013
"New York Giants",7,2013
"Washington Redskins",3,2013
"Green Bay Packers",8,2013
"Chicago Bears",8,2013
"Detroit Lions",7,2013
"Minnesota Vikings",5,2013
"Carolina Panthers",12,2013
"New Orleans Saints",11,2013
"Atlanta Falcons",4,2013
"Tampa Bay Buccaneers",4,2013
"Seattle Seahawks",13,2013
"San Francisco 49ers",12,2013
"Arizona Cardinals",10,2013
"St Louis Rams",7,2013
"New England Patriots",12,2014
"Buffalo Bills",9,2014
"Miami Dolphins",8,2014
"New York Jets",4,2014
"Pittsburgh Steelers",11,2014
"Cincinnati Bengals",10,2014
"Baltimore Ravens",10,2014
"Cleveland Browns",7,2014
"Indianapolis Colts",11,2014
"Houston Texans",9,2014
"Jacksonville Jaguars",3,2014
"Tennessee Titans",2,2014
"Denver Broncos",12,2014
"Kansas City Chiefs",9,2014
"San Diego Chargers",9,2014
"Oakland Raiders",3,2014
"Dallas Cowboys",12,2014
"Philadelphia Eagles",10,2014
"New York Giants",6,2014
"Washington Redskins",4,2014
"Green Bay Packers",12,2014
"Detroit Lions",11,2014
"Minnesota Vikings",7,2014
"Chicago Bears",5,2014
"Carolina Panthers",7,2014
"New Orleans Saints",7,2014
"Atlanta Falcons",6,2014
"Tampa Bay Buccaneers",2,2014
"Seattle Seahawks",12,2014
"Arizona Cardinals",11,2014
"San Francisco 49ers",8,2014
"St Louis Rams",6,2014
"New England Patriots",12,2015
"New York Jets",10,2015
"Buffalo Bills",8,2015
"Miami Dolphins",6,2015
"Cincinnati Bengals",12,2015
"Pittsburgh Steelers",10,2015
"Baltimore Ravens",5,2015
"Cleveland Browns",3,2015
"Houston Texans",9,2015
"Indianapolis Colts",8,2015
"Jacksonville Jaguars",5,2015
"Tennessee Titans",3,2015
"Denver Broncos",12,2015
"Kansas City Chiefs",11,2015
"Oakland Raiders",7,2015
"San Diego Chargers",4,2015
"Washington Redskins",9,2015
"Philadelphia Eagles",7,2015
"New York Giants",6,2015
"Dallas Cowboys",4,2015
"Minnesota Vikings",11,2015
"Green Bay Packers",10,2015
"Detroit Lions",7,2015
"Chicago Bears",6,2015
"Carolina Panthers",15,2015
"Atlanta Falcons",8,2015
"New Orleans Saints",7,2015
"Tampa Bay Buccaneers",6,2015
"Arizona Cardinals",13,2015
"Seattle Seahawks",10,2015
"St Louis Rams",7,2015
"San Francisco 49ers",5,2015
"New England Patriots",14,2016
"Miami Dolphins",10,2016
"Buffalo Bills",7,2016
"New York Jets",5,2016
"Pittsburgh Steelers",11,2016
"Baltimore Ravens",8,2016
"Cincinnati Bengals",6,2016
"Cleveland Browns",1,2016
"Houston Texans",9,2016
"Tennessee Titans",9,2016
"Indianapolis Colts",8,2016
"Jacksonville Jaguars",3,2016
"Kansas City Chiefs",12,2016
"Oakland Raiders",12,2016
"Denver Broncos",9,2016
"San Diego Chargers",5,2016
"Dallas Cowboys",13,2016
"New York Giants",11,2016
"Washington Redskins",8,2016
"Philadelphia Eagles",7,2016
"Green Bay Packers",10,2016
"Detroit Lions",9,2016
"Minnesota Vikings",8,2016
"Chicago Bears",3,2016
"Atlanta Falcons",11,2016
"Tampa Bay Buccaneers",9,2016
"New Orleans Saints",7,2016
"Carolina Panthers",6,2016
"Seattle Seahawks",10,2016
"Arizona Cardinals",7,2016
"Los Angeles Rams",4,2016
"San Francisco 49ers",2,2016
"New England Patriots",13,2017
"Buffalo Bills",9,2017
"Miami Dolphins",6,2017
"New York Jets",5,2017
"Pittsburgh Steelers",13,2017
"Baltimore Ravens",9,2017
"Cincinnati Bengals",7,2017
"Cleveland Browns",0,2017
"Jacksonville Jaguars",10,2017
"Tennessee Titans",9,2017
"Houston Texans",4,2017
"Indianapolis Colts",4,2017
"Kansas City Chiefs",10,2017
"Los Angeles Chargers",9,2017
"Oakland Raiders",6,2017
"Denver Broncos",5,2017
"Philadelphia Eagles",13,2017
"Dallas Cowboys",9,2017
"Washington Redskins",7,2017
"New York Giants",3,2017
"Minnesota Vikings",13,2017
"Detroit Lions",9,2017
"Green Bay Packers",7,2017
"Chicago Bears",5,2017
"Carolina Panthers",11,2017
"New Orleans Saints",11,2017
"Atlanta Falcons",10,2017
"Tampa Bay Buccaneers",5,2017
"Los Angeles Rams",11,2017
"Seattle Seahawks",9,2017
"Arizona Cardinals",8,2017
"San Francisco 49ers",6,2017
"New England Patriots",11,2018
"Miami Dolphins",7,2018
"Buffalo Bills",6,2018
"New York Jets",4,2018
"Baltimore Ravens",10,2018
"Pittsburgh Steelers",9,2018
"Cleveland Browns",7,2018
"Cincinnati Bengals",6,2018
"Houston Texans",11,2018
"Indianapolis Colts",10,2018
"Tennessee Titans",9,2018
"Jacksonville Jaguars",5,2018
"Kansas City Chiefs",12,2018
"Los Angeles Chargers",12,2018
"Denver Broncos",6,2018
"Oakland Raiders",4,2018
"Dallas Cowboys",10,2018
"Philadelphia Eagles",9,2018
"Washington Redskins",7,2018
"New York Giants",5,2018
"Chicago Bears",12,2018
"Minnesota Vikings",8,2018
"Green Bay Packers",6,2018
"Detroit Lions",6,2018
"New Orleans Saints",13,2018
"Atlanta Falcons",7,2018
"Carolina Panthers",7,2018
"Tampa Bay Buccaneers",5,2018
"Los Angeles Rams",13,2018
"Seattle Seahawks",10,2018
"San Francisco 49ers",4,2018
"Arizona Cardinals",3,2018
"New England Patriots",12,2019
"Buffalo Bills",10,2019
"New York Jets",7,2019
"Miami Dolphins",5,2019
"Baltimore Ravens",14,2019
"Pittsburgh Steelers",8,2019
"Cleveland Browns",6,2019
"Cincinnati Bengals",2,2019
"Houston Texans",10,2019
"Tennessee Titans",9,2019
"Indianapolis Colts",7,2019
"Jacksonville Jaguars",6,2019
"Kansas City Chiefs",12,2019
"Denver Broncos",7,2019
"Oakland Raiders",7,2019
"Los Angeles Chargers",5,2019
"Philadelphia Eagles",9,2019
"Dallas Cowboys",8,2019
"New York Giants",4,2019
"Washington Redskins",3,2019
"Green Bay Packers",13,2019
"Minnesota Vikings",10,2019
"Chicago Bears",8,2019
"Detroit Lions",3,2019
"New Orleans Saints",13,2019
"Atlanta Falcons",7,2019
"Tampa Bay Buccaneers",9,2019
"Carolina Panthers",5,2019
"San Francisco 49ers",13,2019
"Seattle Seahawks",11,2019
"Los Angeles Rams",9,2019
"Arizona Cardinals",5,2019
"Buffalo Bills",13,2020
"Miami Dolphins",10,2020
"New England Patriots",7,2020
"New York Jets",2,2020
"Pittsburgh Steelers",12,2020
"Baltimore Ravens",11,2020
"Cleveland Browns",11,2020
"Cincinnati Bengals",4,2020
"Tennessee Titans",11,2020
"Indianapolis Colts",11,2020
"Houston Texans",4,2020
"Jacksonville Jaguars",1,2020
"Kansas City Chiefs",14,2020
"Las Vegas Raiders",8,2020
"Los Angeles Chargers",7,2020
"Denver Broncos",5,2020
"Washington Football Team",7,2020
"New York Giants",6,2020
"Dallas Cowboys",6,2020
"Philadelphia Eagles",4,2020
"Green Bay Packers",13,2020
"Chicago Bears",8,2020
"Minnesota Vikings",7,2020
"Detroit Lions",5,2020
"New Orleans Saints",12,2020
"Tampa Bay Buccaneers",11,2020
"Carolina Panthers",5,2020
"Atlanta Falcons",4,2020
"Seattle Seahawks",12,2020
"Los Angeles Rams",10,2020
"Arizona Cardinals",8,2020
"San Francisco 49ers",6,2020
"Buffalo Bills",11,2021
"New England Patriots",10,2021
"Miami Dolphins",9,2021
"New York Jets",4,2021
"Cincinnati Bengals",10,2021
"Pittsburgh Steelers",9,2021
"Cleveland Browns",8,2021
"Baltimore Ravens",8,2021
"Tennessee Titans",12,2021
"Indianapolis Colts",9,2021
"Houston Texans",4,2021
"Jacksonville Jaguars",3,2021
"Kansas City Chiefs",12,2021
"Las Vegas Raiders",10,2021
"Los Angeles Chargers",9,2021
"Denver Broncos",7,2021
"Dallas Cowboys",12,2021
"Philadelphia Eagles",9,2021
"Washington Football Team",7,2021
"New York Giants",4,2021
"Green Bay Packers",13,2021
"Minnesota Vikings",8,2021
"Chicago Bears",6,2021
"Detroit Lions",3,2021
"Tampa Bay Buccaneers",13,2021
"New Orleans Saints",9,2021
"Atlanta Falcons",7,2021
"Carolina Panthers",5,2021
"Los Angeles Rams",12,2021
"Arizona Cardinals",11,2021
"San Francisco 49ers",10,2021
"Seattle Seahawks",7,2021
"Buffalo Bills",13,2022
"Miami Dolphins",9,2022
"New England Patriots",8,2022
"New York Jets",7,2022
"Cincinnati Bengals",12,2022
"Baltimore Ravens",10,2022
"Pittsburgh Steelers",9,2022
"Cleveland Browns",7,2022
"Jacksonville Jaguars",9,2022
"Tennessee Titans",7,2022
"Indianapolis Colts",4,2022
"Houston Texans",3,2022
"Kansas City Chiefs",14,2022
"Los Angeles Chargers",10,2022
"Las Vegas Raiders",6,2022
"Denver Broncos",5,2022
"Philadelphia Eagles",14,2022
"Dallas Cowboys",12,2022
"New York Giants",9,2022
"Washington Commanders",8,2022
"Minnesota Vikings",13,2022
"Detroit Lions",9,2022
"Green Bay Packers",8,2022
"Chicago Bears",3,2022
"Tampa Bay Buccaneers",8,2022
"Carolina Panthers",7,2022
"New Orleans Saints",7,2022
"Atlanta Falcons",7,2022
"San Francisco 49ers",13,2022
"Seattle Seahawks",9,2022
"Los Angeles Rams",5,2022
"Arizona Cardinals",4,2022
